Converged local optima,Time(s)
8.0,23835.45470547676
9.0,23868.656816482544
