Converged local optima,Time(s)
4.0,24979.80981516838
4.0,24546.62793302536
6.0,24405.39715051651
5.0,25408.32261133194
5.0,25576.584711313248
