Converged local optima,Time(s)
7.0,24953.26739668846
5.0,24650.392147302628
4.0,25015.865481615067
7.0,23956.181708812714
3.0,21070.19209599495
