Converged local optima,Time(s)
4,24979.80982
4,24546.62793
6,24405.39715
5,25408.32261
5,25576.58471
4,25344.83192
4,24378.30064
2,25255.23881
6,24965.30688
3,24458.61867
