Converged local optima,Num_roa,Num_local_optima,Time(s)
11,23,2261,5673.686308
3,22,2261,8786.299563
9,8,2252,743.2892561
6,31,2233,2594.624325
11,17,2212,423.9000399
7,80,2260,8439.949575
9,68,2279,21414.5519
10,50,2252,17733.80103
4,60,2230,22606.70879
10,43,2225,7026.628699
