Converged local optima,Num_roa,Num_local_optima,Time(s)
9,21,2261,1243.11779
6,13,2254,601.3964379
8,17,2265,11109.26497
5,5,2236,118.1050081
8,5,2226,7350.132571
8,12,2231,6049.005318
