Converged local optima,Num_roa,Num_local_optima,Time(s)
11,23,2261,5673.686308
3,22,2261,8786.299563
9,8,2252,743.2892561
6,31,2233,2594.624325
11,17,2212,423.9000399
