Converged local optima,Num_roa,Num_local_optima,Time(s)
6.0,21.0,2217.0,450.3196978569031
8.0,7.0,2223.0,118.74721646308899
3.0,107.0,2396.0,21329.340496778488
9.0,45.0,2353.0,7060.350050210953
8.0,101.0,2380.0,7473.339166879654
