Converged local optima,Num_roa,Num_local_optima,Time(s)
6,21,2217,450.3196979
8,7,2223,118.7472165
3,107,2396,21329.3405
9,45,2353,7060.35005
8,101,2380,7473.339167
8,34,2270,12139.48042
6,35,2295,4750.203199
8,235,2402,10950.33882
6,123,2312,7739.994046
6,106,2262,13423.19837
