Converged local optima,Num_roa,Num_local_optima,Time(s)
9.0,21.0,2261.0,1243.1177895069122
6.0,13.0,2254.0,601.3964378833771
8.0,17.0,2265.0,11109.264972925186
5.0,5.0,2236.0,118.10500812530518
8.0,5.0,2226.0,7350.132571220398
