Converged local optima,Num_roa,Num_local_optima,Time(s)
11.0,10.0,2212.0,1677.8325662612915
10.0,11.0,2226.0,707.8818211555481
6.0,10.0,2238.0,9301.860193252563
9.0,13.0,2258.0,7824.108243942261
7.0,6.0,2233.0,7034.01583480835
