Converged local optima,Num_roa,Num_local_optima,Time(s)
11.0,23.0,2261.0,5673.6863079071045
3.0,22.0,2261.0,8786.299562692642
9.0,8.0,2252.0,743.2892560958862
