Converged local optima,Num_local_optima,Time(s)
7,2178,3583.924842
8,2200,8000.525469
10,2196,15523.7953
9,2203,7871.59848
9,2184,13908.39501
6,2206,8900.09797
7,2195,18687.46233
9,2180,18722.09274
8,2189,7086.374402
10,2203,11607.33657
