Converged local optima,Num_local_optima,Time(s)
7.0,2178.0,3583.9248423576355
8.0,2200.0,8000.525469303131
10.0,2196.0,15523.795303106308
9.0,2203.0,7871.598480463028
9.0,2184.0,13908.395009994507
